TenChungCu,GiaTrenM2,District,Ward,latitude,longitude,Quan_huyen_goc,Phuong_xa,Quan_huyen,dist_hospital_m,dist_mall_m,dist_metro_m,dist_university_m,Dien_tich_km2,SoChungCu,MatDoChungCu,hospital_cnt,mall_cnt,metro_cnt,university_cnt,price_segment,dist_hospital_discrete,dist_mall_discrete,dist_metro_discrete,dist_university_discrete,district_discrete
Happy One Sora,50.12,Thành phố Thủ Đức,Phường Linh Xuân,10.875,106.74,Thủ Đức,Bình Chiểu,Thành phố Thủ Đức,1131.4979544343544,3912.6467413010673,4688.640197677267,2442.4083445921715,5.388463233080228,3,0.556745006921964,0,0,0,0,Trung bình,Gần,Xa,Xa,Xa,Thủ Đức
Glory Heights - Vinhomes Grand Park,63.13,Quận 9,Phường Long Bình,10.868,106.81,Quận 9,Tân Phú,Thành phố Thủ Đức,274.5041227969951,2482.6760740172435,980.3883076656407,140.23791440713066,4.48092353006263,9,2.0085145259941997,1,0,0,2,Trung bình,Gần,Xa,Gần,Gần,Quận 9
Lumiere Boulevard,67.79,Quận 9,Phường Long Bình,10.868,106.81,Quận 9,Tân Phú,Thành phố Thủ Đức,274.5041227969951,2482.6760740172435,980.3883076656407,140.23791440713066,4.48092353006263,9,2.0085145259941997,1,0,0,2,Trung bình,Gần,Xa,Gần,Gần,Quận 9
Masteri Centre Point,67.63,Quận 9,Phường Long Bình,10.868,106.81,Quận 9,Tân Phú,Thành phố Thủ Đức,274.5041227969951,2482.6760740172435,980.3883076656407,140.23791440713066,4.48092353006263,9,2.0085145259941997,1,0,0,2,Trung bình,Gần,Xa,Gần,Gần,Quận 9
The 9 Stellars,107.78,Quận 9,Phường Long Bình,10.868,106.81,Quận 9,Tân Phú,Thành phố Thủ Đức,274.5041227969951,2482.6760740172435,980.3883076656407,140.23791440713066,4.48092353006263,9,2.0085145259941997,1,0,0,2,Cao,Gần,Xa,Gần,Gần,Quận 9
The Beverly - Vinhomes Grand Park,68.87,Quận 9,Phường Long Bình,10.868,106.81,Quận 9,Tân Phú,Thành phố Thủ Đức,274.5041227969951,2482.6760740172435,980.3883076656407,140.23791440713066,4.48092353006263,9,2.0085145259941997,1,0,0,2,Trung bình,Gần,Xa,Gần,Gần,Quận 9
The Beverly Solari - Vinhomes Grand Park,57.65,Quận 9,Phường Long Bình,10.868,106.81,Quận 9,Tân Phú,Thành phố Thủ Đức,274.5041227969951,2482.6760740172435,980.3883076656407,140.23791440713066,4.48092353006263,9,2.0085145259941997,1,0,0,2,Trung bình,Gần,Xa,Gần,Gần,Quận 9
The Opus One - Vinhomes Grand Park,78.99,Quận 9,Phường Long Bình,10.868,106.81,Quận 9,Tân Phú,Thành phố Thủ Đức,274.5041227969951,2482.6760740172435,980.3883076656407,140.23791440713066,4.48092353006263,9,2.0085145259941997,1,0,0,2,Trung bình,Gần,Xa,Gần,Gần,Quận 9
The Origami - Vinhomes Grand Park,53.44,Quận 9,Phường Long Bình,10.868,106.81,Quận 9,Tân Phú,Thành phố Thủ Đức,274.5041227969951,2482.6760740172435,980.3883076656407,140.23791440713066,4.48092353006263,9,2.0085145259941997,1,0,0,2,Trung bình,Gần,Xa,Gần,Gần,Quận 9
Căn hộ Linh Trung,50.7,Thủ Đức,Phường Linh Trung,10.86,106.777,Thủ Đức,Linh Trung,Thành phố Thủ Đức,482.99548620253825,1711.2311899304736,1299.0897983998937,933.754484119433,7.136967148703152,2,0.2802310783178282,2,0,2,6,Trung bình,Gần,Xa,Gần,Gần,Thủ Đức
Chung cư Elysian,71.5,Quận 9,Phường Trường Thạnh,10.86,106.797,Quận 9,Tân Phú,Thành phố Thủ Đức,1769.3467850991956,1099.3125261856112,834.5434345143964,1289.4794110473179,4.48092353006263,9,2.0085145259941997,1,0,0,2,Trung bình,Xa,Gần,Gần,Gần,Quận 9
Flora Novia,53.62,Thành phố Thủ Đức,Phường Linh Tây,10.856,106.719,Thủ Đức,Hiệp Bình Phước,Thành phố Thủ Đức,3050.5221941547497,3119.877846346459,5547.132854096789,2924.1853688871524,7.637190144499191,4,0.5237528363597265,0,0,0,0,Trung bình,Xa,Xa,Xa,Xa,Thủ Đức
Chung Cư Centum Wealth,58.58,Quận 9,Phường Hiệp Phú,10.854,106.775,Thủ Đức,Linh Trung,Thành phố Thủ Đức,951.0826094031432,1167.4930336881125,916.349108652415,298.62742028732987,7.136967148703152,2,0.2802310783178282,2,0,2,6,Trung bình,Gần,Gần,Gần,Gần,Thủ Đức
Centana City Điền Phúc Thành,55.0,Quận 9,Phường Long Trường,10.848,106.785,Quận 9,Hiệp Phú,Thành phố Thủ Đức,665.3518638139541,1259.6707196193342,1286.0125345059244,80.24278728408318,2.1675915240096124,4,1.8453661382661235,1,0,0,3,Trung bình,Gần,Gần,Gần,Gần,Quận 9
Chung cư TDH – Phước Bình,47.62,Quận 9,Phường Phước Bình,10.848,106.785,Quận 9,Hiệp Phú,Thành phố Thủ Đức,665.3518638139541,1259.6707196193342,1286.0125345059244,80.24278728408318,2.1675915240096124,4,1.8453661382661235,1,0,0,3,Thấp,Gần,Gần,Gần,Gần,Quận 9
Him Lam Phú An,63.83,Quận 9,Phường Phước Long A,10.848,106.785,Quận 9,Hiệp Phú,Thành phố Thủ Đức,665.3518638139541,1259.6707196193342,1286.0125345059244,80.24278728408318,2.1675915240096124,4,1.8453661382661235,1,0,0,3,Trung bình,Gần,Gần,Gần,Gần,Quận 9
Nhân Phú,44.11,Quận 9,Phường Tăng Nhơn Phú B,10.848,106.762,Thủ Đức,Bình Thọ,Thành phố Thủ Đức,996.5888519181868,404.0336868682981,1070.0848898831462,476.74626199312075,1.230259520553364,3,2.4385098833867316,0,1,1,1,Thấp,Gần,Gần,Gần,Gần,Thủ Đức
Topaz Home 2,35.32,Quận 9,Phường Tân Phú,10.848,106.785,Quận 9,Hiệp Phú,Thành phố Thủ Đức,665.3518638139541,1259.6707196193342,1286.0125345059244,80.24278728408318,2.1675915240096124,4,1.8453661382661235,1,0,0,3,Thấp,Gần,Gần,Gần,Gần,Quận 9
Urban Green,74.2,Thành phố Thủ Đức,Phường Hiệp Bình Phước,10.845,106.705,Thủ Đức,Hiệp Bình Phước,Thành phố Thủ Đức,4928.336718274536,2635.3046703971495,5836.245420223113,1906.5923047398878,7.637190144499191,4,0.5237528363597265,0,0,0,0,Trung bình,Xa,Xa,Xa,Xa,Thủ Đức
Chung cư Man Thiện,28.0,Quận 9,Phường Tăng Nhơn Phú A,10.844,106.767,Thủ Đức,Bình Thọ,Thành phố Thủ Đức,1159.6231827950583,678.8078914522373,574.1352737575324,345.3291385782562,1.230259520553364,3,2.4385098833867316,0,1,1,1,Thấp,Gần,Gần,Gần,Gần,Thủ Đức
Avatar Thủ Đức,41.07,Thủ Đức,Phường Trường Thọ,10.841,106.752,Thủ Đức,Trường Thọ,Thành phố Thủ Đức,2281.9130566093118,1742.9490615369875,1595.1715774538754,1372.5160852819222,5.089595406923178,6,1.178875631614732,0,0,2,0,Thấp,Xa,Xa,Xa,Gần,Thủ Đức
9 View Apartment,49.14,Quận 9,Phường Phước Long B,10.84,106.77,Quận 9,Phước Long B,Thành phố Thủ Đức,983.0148065130346,1212.120899861216,731.3128002204138,624.4752198260279,5.864574508305687,16,2.7282456685203753,0,0,0,0,Thấp,Gần,Gần,Gần,Gần,Quận 9
Cao ốc Phố Đông - Hoa Sen,43.59,Quận 9,Phường Phước Long B,10.84,106.77,Quận 9,Phước Long B,Thành phố Thủ Đức,983.0148065130346,1212.120899861216,731.3128002204138,624.4752198260279,5.864574508305687,16,2.7282456685203753,0,0,0,0,Thấp,Gần,Gần,Gần,Gần,Quận 9
Chung Cư TDH - Trường Thọ,46.66,Thành phố Thủ Đức,Phường Trường Thọ,10.84,106.75,Thủ Đức,Trường Thọ,Thành phố Thủ Đức,2514.725250304884,1986.2399933255929,1723.1607732844004,1602.671229001453,5.089595406923178,6,1.178875631614732,0,0,2,0,Thấp,Xa,Xa,Xa,Xa,Thủ Đức
Ehome 2,45.36,Quận 9,Phường Phước Long B,10.84,106.77,Quận 9,Phước Long B,Thành phố Thủ Đức,983.0148065130346,1212.120899861216,731.3128002204138,624.4752198260279,5.864574508305687,16,2.7282456685203753,0,0,0,0,Thấp,Gần,Gần,Gần,Gần,Quận 9
Flora Anh Đào,56.31,Quận 9,Phường Phước Long B,10.84,106.77,Quận 9,Phước Long B,Thành phố Thủ Đức,983.0148065130346,1212.120899861216,731.3128002204138,624.4752198260279,5.864574508305687,16,2.7282456685203753,0,0,0,0,Trung bình,Gần,Gần,Gần,Gần,Quận 9
Fuji Residence,56.7,Quận 9,Phường Phước Long B,10.84,106.77,Quận 9,Phước Long B,Thành phố Thủ Đức,983.0148065130346,1212.120899861216,731.3128002204138,624.4752198260279,5.864574508305687,16,2.7282456685203753,0,0,0,0,Trung bình,Gần,Gần,Gần,Gần,Quận 9
Khu dân cư Gia Hòa,65.67,Quận 9,Phường Phước Long B,10.84,106.77,Quận 9,Phước Long B,Thành phố Thủ Đức,983.0148065130346,1212.120899861216,731.3128002204138,624.4752198260279,5.864574508305687,16,2.7282456685203753,0,0,0,0,Trung bình,Gần,Gần,Gần,Gần,Quận 9
Lavita Charm,65.89,Thành phố Thủ Đức,Phường Trường Thọ,10.84,106.75,Thủ Đức,Trường Thọ,Thành phố Thủ Đức,2514.725250304884,1986.2399933255929,1723.1607732844004,1602.671229001453,5.089595406923178,6,1.178875631614732,0,0,2,0,Trung bình,Xa,Xa,Xa,Xa,Thủ Đức
Lucky Dragon,70.83,Quận 9,Phường Phước Long B,10.84,106.77,Quận 9,Phước Long B,Thành phố Thủ Đức,983.0148065130346,1212.120899861216,731.3128002204138,624.4752198260279,5.864574508305687,16,2.7282456685203753,0,0,0,0,Trung bình,Gần,Gần,Gần,Gần,Quận 9
The Art,64.56,Quận 9,Phường Phước Long B,10.84,106.77,Quận 9,Phước Long B,Thành phố Thủ Đức,983.0148065130346,1212.120899861216,731.3128002204138,624.4752198260279,5.864574508305687,16,2.7282456685203753,0,0,0,0,Trung bình,Gần,Gần,Gần,Gần,Quận 9
Thủ Thiêm Garden,55.47,Quận 9,Phường Phước Long B,10.84,106.77,Quận 9,Phước Long B,Thành phố Thủ Đức,983.0148065130346,1212.120899861216,731.3128002204138,624.4752198260279,5.864574508305687,16,2.7282456685203753,0,0,0,0,Trung bình,Gần,Gần,Gần,Gần,Quận 9
The Rainbow - Vinhomes Grand Park,51.05,Quận 9,Phường Long Thạnh Mỹ,10.833,106.81,Quận 9,Long Thạnh Mỹ,Thành phố Thủ Đức,776.1723227926751,2410.052292393899,3690.7479214821788,529.034675978094,12.025499869330018,2,0.16631325281544632,1,0,0,4,Trung bình,Gần,Xa,Xa,Gần,Quận 9
Vinhomes Grand Park,61.05,Quận 9,Phường Long Thạnh Mỹ,10.833,106.81,Quận 9,Long Thạnh Mỹ,Thành phố Thủ Đức,776.1723227926751,2410.052292393899,3690.7479214821788,529.034675978094,12.025499869330018,2,0.16631325281544632,1,0,0,4,Trung bình,Gần,Xa,Xa,Gần,Quận 9
Chung cư MT Eastmark City,51.15,Quận 9,Phường Long Trường,10.828,106.804,Quận 9,Tăng Nhơn Phú A,Thành phố Thủ Đức,1634.337102685563,2583.237285755889,3808.0901679506064,1240.3340831283363,4.139269561028143,1,0.24158851827751285,1,1,0,5,Trung bình,Xa,Xa,Xa,Gần,Quận 9
Căn hộ Cao cấp Mỹ Long,53.12,Thủ Đức,Phường Hiệp Bình Chánh,10.825,106.716,Thủ Đức,Hiệp Bình Chánh,Thành phố Thủ Đức,2736.170766028803,673.9945636984722,3328.481560147936,614.3969326769312,6.534798496003078,6,0.9181614404284723,0,2,0,1,Trung bình,Xa,Gần,Xa,Gần,Thủ Đức
Căn hộ Hausneo,61.76,Quận 9,Phường Phú Hữu,10.813,106.788,Quận 9,Phước Long B,Thành phố Thủ Đức,1656.4218422541546,3658.7077635912824,3391.4942924182983,2162.4843165148927,5.864574508305687,16,2.7282456685203753,0,0,0,0,Trung bình,Xa,Xa,Xa,Xa,Quận 9
Căn hộ Ricca Quận 9,47.12,Quận 9,Phường Phú Hữu,10.813,106.788,Quận 9,Phước Long B,Thành phố Thủ Đức,1656.4218422541546,3658.7077635912824,3391.4942924182983,2162.4843165148927,5.864574508305687,16,2.7282456685203753,0,0,0,0,Thấp,Xa,Xa,Xa,Xa,Quận 9
Jamila Khang Điền,66.29,Quận 9,Phường Phú Hữu,10.813,106.788,Quận 9,Phước Long B,Thành phố Thủ Đức,1656.4218422541546,3658.7077635912824,3391.4942924182983,2162.4843165148927,5.864574508305687,16,2.7282456685203753,0,0,0,0,Trung bình,Xa,Xa,Xa,Xa,Quận 9
Kikyo Residence,60.44,Quận 9,Phường Phú Hữu,10.813,106.788,Quận 9,Phước Long B,Thành phố Thủ Đức,1656.4218422541546,3658.7077635912824,3391.4942924182983,2162.4843165148927,5.864574508305687,16,2.7282456685203753,0,0,0,0,Trung bình,Xa,Xa,Xa,Xa,Quận 9
Safira Khang Điền,65.87,Quận 9,Phường Phú Hữu,10.813,106.788,Quận 9,Phước Long B,Thành phố Thủ Đức,1656.4218422541546,3658.7077635912824,3391.4942924182983,2162.4843165148927,5.864574508305687,16,2.7282456685203753,0,0,0,0,Trung bình,Xa,Xa,Xa,Xa,Quận 9
Sky 9,51.22,Quận 9,Phường Phú Hữu,10.813,106.788,Quận 9,Phước Long B,Thành phố Thủ Đức,1656.4218422541546,3658.7077635912824,3391.4942924182983,2162.4843165148927,5.864574508305687,16,2.7282456685203753,0,0,0,0,Trung bình,Xa,Xa,Xa,Xa,Quận 9
The Eastern,44.45,Quận 9,Phường Phú Hữu,10.813,106.788,Quận 9,Phước Long B,Thành phố Thủ Đức,1656.4218422541546,3658.7077635912824,3391.4942924182983,2162.4843165148927,5.864574508305687,16,2.7282456685203753,0,0,0,0,Thấp,Xa,Xa,Xa,Xa,Quận 9
Căn hộ The Albany,140.15,Quận 2,Phường Thảo Điền,10.802,106.735,Quận 2,Thảo Điền,Thành phố Thủ Đức,556.0621346636232,221.16259960893765,223.085489694452,590.3330086617713,3.7747470349535512,15,3.973776218936636,1,2,2,1,Cao,Gần,Gần,Gần,Gần,Quận 2
D'Edge Thảo Điền,147.62,Quận 2,Phường Thảo Điền,10.802,106.735,Quận 2,Thảo Điền,Thành phố Thủ Đức,556.0621346636232,221.16259960893765,223.085489694452,590.3330086617713,3.7747470349535512,15,3.973776218936636,1,2,2,1,Cao,Gần,Gần,Gần,Gần,Quận 2
Gateway Thảo Điền,181.56,Quận 2,Phường Thảo Điền,10.802,106.735,Quận 2,Thảo Điền,Thành phố Thủ Đức,556.0621346636232,221.16259960893765,223.085489694452,590.3330086617713,3.7747470349535512,15,3.973776218936636,1,2,2,1,Rất cao,Gần,Gần,Gần,Gần,Quận 2
Hoàng Anh River View,76.87,Quận 2,Phường Thảo Điền,10.802,106.735,Quận 2,Thảo Điền,Thành phố Thủ Đức,556.0621346636232,221.16259960893765,223.085489694452,590.3330086617713,3.7747470349535512,15,3.973776218936636,1,2,2,1,Trung bình,Gần,Gần,Gần,Gần,Quận 2
Masteri An Phú,109.08,Quận 2,Phường Thảo Điền,10.802,106.735,Quận 2,Thảo Điền,Thành phố Thủ Đức,556.0621346636232,221.16259960893765,223.085489694452,590.3330086617713,3.7747470349535512,15,3.973776218936636,1,2,2,1,Cao,Gần,Gần,Gần,Gần,Quận 2
Masteri Thảo Điền,120.0,Quận 2,Phường Thảo Điền,10.802,106.735,Quận 2,Thảo Điền,Thành phố Thủ Đức,556.0621346636232,221.16259960893765,223.085489694452,590.3330086617713,3.7747470349535512,15,3.973776218936636,1,2,2,1,Cao,Gần,Gần,Gần,Gần,Quận 2
Q2 Thảo Điền,166.2,Quận 2,Phường Thảo Điền,10.802,106.735,Quận 2,Thảo Điền,Thành phố Thủ Đức,556.0621346636232,221.16259960893765,223.085489694452,590.3330086617713,3.7747470349535512,15,3.973776218936636,1,2,2,1,Rất cao,Gần,Gần,Gần,Gần,Quận 2
River Garden,92.96,Quận 2,Phường Thảo Điền,10.802,106.735,Quận 2,Thảo Điền,Thành phố Thủ Đức,556.0621346636232,221.16259960893765,223.085489694452,590.3330086617713,3.7747470349535512,15,3.973776218936636,1,2,2,1,Cao,Gần,Gần,Gần,Gần,Quận 2
Thảo Điền Green,218.01,Quận 2,Phường Thảo Điền,10.802,106.735,Quận 2,Thảo Điền,Thành phố Thủ Đức,556.0621346636232,221.16259960893765,223.085489694452,590.3330086617713,3.7747470349535512,15,3.973776218936636,1,2,2,1,Rất cao,Gần,Gần,Gần,Gần,Quận 2
Thảo Điền Pearl,105.97,Quận 2,Phường Thảo Điền,10.802,106.735,Quận 2,Thảo Điền,Thành phố Thủ Đức,556.0621346636232,221.16259960893765,223.085489694452,590.3330086617713,3.7747470349535512,15,3.973776218936636,1,2,2,1,Cao,Gần,Gần,Gần,Gần,Quận 2
The Ascent,104.78,Quận 2,Phường Thảo Điền,10.802,106.735,Quận 2,Thảo Điền,Thành phố Thủ Đức,556.0621346636232,221.16259960893765,223.085489694452,590.3330086617713,3.7747470349535512,15,3.973776218936636,1,2,2,1,Cao,Gần,Gần,Gần,Gần,Quận 2
The Nassim Thảo Điền,162.36,Quận 2,Phường Thảo Điền,10.802,106.735,Quận 2,Thảo Điền,Thành phố Thủ Đức,556.0621346636232,221.16259960893765,223.085489694452,590.3330086617713,3.7747470349535512,15,3.973776218936636,1,2,2,1,Rất cao,Gần,Gần,Gần,Gần,Quận 2
Thủ Thiêm Sky,81.1,Quận 2,Phường Thảo Điền,10.802,106.735,Quận 2,Thảo Điền,Thành phố Thủ Đức,556.0621346636232,221.16259960893765,223.085489694452,590.3330086617713,3.7747470349535512,15,3.973776218936636,1,2,2,1,Cao,Gần,Gần,Gần,Gần,Quận 2
Tropic Garden,94.98,Quận 2,Phường Thảo Điền,10.802,106.735,Quận 2,Thảo Điền,Thành phố Thủ Đức,556.0621346636232,221.16259960893765,223.085489694452,590.3330086617713,3.7747470349535512,15,3.973776218936636,1,2,2,1,Cao,Gần,Gần,Gần,Gần,Quận 2
Xi Riverview Palace,129.04,Quận 2,Phường Thảo Điền,10.802,106.735,Quận 2,Thảo Điền,Thành phố Thủ Đức,556.0621346636232,221.16259960893765,223.085489694452,590.3330086617713,3.7747470349535512,15,3.973776218936636,1,2,2,1,Cao,Gần,Gần,Gần,Gần,Quận 2
Diamond Island,120.4,Quận 2,Phường Bình Trưng Tây,10.8,106.754,Quận 2,An Phú,Thành phố Thủ Đức,1049.3896015667779,624.8770635114923,956.4347855797552,2602.1533516568165,10.217398556534652,42,4.110635380190629,2,2,1,0,Cao,Gần,Gần,Gần,Xa,Quận 2
Homyland,52.53,Quận 2,Phường Bình Trưng Tây,10.8,106.754,Quận 2,An Phú,Thành phố Thủ Đức,1049.3896015667779,624.8770635114923,956.4347855797552,2602.1533516568165,10.217398556534652,42,4.110635380190629,2,2,1,0,Trung bình,Gần,Gần,Gần,Xa,Quận 2
Homyland 2,58.58,Quận 2,Phường Bình Trưng Tây,10.8,106.754,Quận 2,An Phú,Thành phố Thủ Đức,1049.3896015667779,624.8770635114923,956.4347855797552,2602.1533516568165,10.217398556534652,42,4.110635380190629,2,2,1,0,Trung bình,Gần,Gần,Gần,Xa,Quận 2
La Astoria,54.75,Quận 2,Phường Bình Trưng Tây,10.8,106.754,Quận 2,An Phú,Thành phố Thủ Đức,1049.3896015667779,624.8770635114923,956.4347855797552,2602.1533516568165,10.217398556534652,42,4.110635380190629,2,2,1,0,Trung bình,Gần,Gần,Gần,Xa,Quận 2
Cao ốc Thịnh Vượng,46.45,Quận 2,Phường Bình Trưng Đông,10.796,106.765,Quận 2,An Phú,Thành phố Thủ Đức,1043.567358168414,855.8087473787018,1749.0393786421546,2935.7626550959235,10.217398556534652,42,4.110635380190629,2,2,1,0,Thấp,Gần,Gần,Xa,Xa,Quận 2
Chung cư Petroland Quận 2,50.0,Quận 2,Phường Bình Trưng Đông,10.796,106.765,Quận 2,An Phú,Thành phố Thủ Đức,1043.567358168414,855.8087473787018,1749.0393786421546,2935.7626550959235,10.217398556534652,42,4.110635380190629,2,2,1,0,Trung bình,Gần,Gần,Xa,Xa,Quận 2
Homyland Riverside,59.05,Quận 2,Phường Bình Trưng Đông,10.796,106.765,Quận 2,An Phú,Thành phố Thủ Đức,1043.567358168414,855.8087473787018,1749.0393786421546,2935.7626550959235,10.217398556534652,42,4.110635380190629,2,2,1,0,Trung bình,Gần,Gần,Xa,Xa,Quận 2
Kris Vue,56.83,Quận 2,Phường Bình Trưng Đông,10.796,106.765,Quận 2,An Phú,Thành phố Thủ Đức,1043.567358168414,855.8087473787018,1749.0393786421546,2935.7626550959235,10.217398556534652,42,4.110635380190629,2,2,1,0,Trung bình,Gần,Gần,Xa,Xa,Quận 2
PARCSpring,64.45,Quận 2,Phường Bình Trưng Đông,10.796,106.765,Quận 2,An Phú,Thành phố Thủ Đức,1043.567358168414,855.8087473787018,1749.0393786421546,2935.7626550959235,10.217398556534652,42,4.110635380190629,2,2,1,0,Trung bình,Gần,Gần,Xa,Xa,Quận 2
The Krista,64.88,Quận 2,Phường Bình Trưng Đông,10.796,106.765,Quận 2,An Phú,Thành phố Thủ Đức,1043.567358168414,855.8087473787018,1749.0393786421546,2935.7626550959235,10.217398556534652,42,4.110635380190629,2,2,1,0,Trung bình,Gần,Gần,Xa,Xa,Quận 2
Thủ Thiêm Star,66.04,Quận 2,Phường Bình Trưng Đông,10.796,106.765,Quận 2,An Phú,Thành phố Thủ Đức,1043.567358168414,855.8087473787018,1749.0393786421546,2935.7626550959235,10.217398556534652,42,4.110635380190629,2,2,1,0,Trung bình,Gần,Gần,Xa,Xa,Quận 2
Thủ Thiêm Xanh,54.97,Quận 2,Phường Bình Trưng Đông,10.796,106.765,Quận 2,An Phú,Thành phố Thủ Đức,1043.567358168414,855.8087473787018,1749.0393786421546,2935.7626550959235,10.217398556534652,42,4.110635380190629,2,2,1,0,Trung bình,Gần,Gần,Xa,Xa,Quận 2
An Lộc - An Phúc,61.21,Quận 2,Phường An Phú,10.795,106.741,Quận 2,An Phú,Thành phố Thủ Đức,459.6347493937227,815.0143561092633,800.8706739409906,1599.5372243495435,10.217398556534652,42,4.110635380190629,2,2,1,0,Trung bình,Gần,Gần,Gần,Xa,Quận 2
An Phú - An Khánh,65.25,Quận 2,Phường An Phú,10.795,106.741,Quận 2,An Phú,Thành phố Thủ Đức,459.6347493937227,815.0143561092633,800.8706739409906,1599.5372243495435,10.217398556534652,42,4.110635380190629,2,2,1,0,Trung bình,Gần,Gần,Gần,Xa,Quận 2
Căn hộ Bình Khánh,50.42,Quận 2,Phường An Phú,10.795,106.741,Quận 2,An Phú,Thành phố Thủ Đức,459.6347493937227,815.0143561092633,800.8706739409906,1599.5372243495435,10.217398556534652,42,4.110635380190629,2,2,1,0,Trung bình,Gần,Gần,Gần,Xa,Quận 2
Căn hộ D’Lusso,85.75,Quận 2,Phường An Phú,10.795,106.741,Quận 2,An Phú,Thành phố Thủ Đức,459.6347493937227,815.0143561092633,800.8706739409906,1599.5372243495435,10.217398556534652,42,4.110635380190629,2,2,1,0,Cao,Gần,Gần,Gần,Xa,Quận 2
Căn hộ Precia Quận 2,81.62,Quận 2,Phường An Phú,10.795,106.741,Quận 2,An Phú,Thành phố Thủ Đức,459.6347493937227,815.0143561092633,800.8706739409906,1599.5372243495435,10.217398556534652,42,4.110635380190629,2,2,1,0,Cao,Gần,Gần,Gần,Xa,Quận 2
Cantavil An Phú - Cantavil Premier,87.01,Quận 2,Phường An Phú,10.795,106.741,Quận 2,An Phú,Thành phố Thủ Đức,459.6347493937227,815.0143561092633,800.8706739409906,1599.5372243495435,10.217398556534652,42,4.110635380190629,2,2,1,0,Cao,Gần,Gần,Gần,Xa,Quận 2
Cao ốc An Khang,68.43,Quận 2,Phường An Phú,10.795,106.741,Quận 2,An Phú,Thành phố Thủ Đức,459.6347493937227,815.0143561092633,800.8706739409906,1599.5372243495435,10.217398556534652,42,4.110635380190629,2,2,1,0,Trung bình,Gần,Gần,Gần,Xa,Quận 2
Centana Thủ Thiêm,73.09,Quận 2,Phường An Phú,10.795,106.741,Quận 2,An Phú,Thành phố Thủ Đức,459.6347493937227,815.0143561092633,800.8706739409906,1599.5372243495435,10.217398556534652,42,4.110635380190629,2,2,1,0,Trung bình,Gần,Gần,Gần,Xa,Quận 2
Chung cư An Hòa,70.92,Quận 2,Phường An Phú,10.795,106.741,Quận 2,An Phú,Thành phố Thủ Đức,459.6347493937227,815.0143561092633,800.8706739409906,1599.5372243495435,10.217398556534652,42,4.110635380190629,2,2,1,0,Trung bình,Gần,Gần,Gần,Xa,Quận 2
Chung cư An Thịnh,69.76,Quận 2,Phường An Phú,10.795,106.741,Quận 2,An Phú,Thành phố Thủ Đức,459.6347493937227,815.0143561092633,800.8706739409906,1599.5372243495435,10.217398556534652,42,4.110635380190629,2,2,1,0,Trung bình,Gần,Gần,Gần,Xa,Quận 2
Eaton Park,165.5,Quận 2,Phường An Phú,10.795,106.741,Quận 2,An Phú,Thành phố Thủ Đức,459.6347493937227,815.0143561092633,800.8706739409906,1599.5372243495435,10.217398556534652,42,4.110635380190629,2,2,1,0,Rất cao,Gần,Gần,Gần,Xa,Quận 2
Estella Heights,140.04,Quận 2,Phường An Phú,10.795,106.741,Quận 2,An Phú,Thành phố Thủ Đức,459.6347493937227,815.0143561092633,800.8706739409906,1599.5372243495435,10.217398556534652,42,4.110635380190629,2,2,1,0,Cao,Gần,Gần,Gần,Xa,Quận 2
Imperia An Phú,81.65,Quận 2,Phường An Phú,10.795,106.741,Quận 2,An Phú,Thành phố Thủ Đức,459.6347493937227,815.0143561092633,800.8706739409906,1599.5372243495435,10.217398556534652,42,4.110635380190629,2,2,1,0,Cao,Gần,Gần,Gần,Xa,Quận 2
Lexington Residence,81.76,Quận 2,Phường An Phú,10.795,106.741,Quận 2,An Phú,Thành phố Thủ Đức,459.6347493937227,815.0143561092633,800.8706739409906,1599.5372243495435,10.217398556534652,42,4.110635380190629,2,2,1,0,Cao,Gần,Gần,Gần,Xa,Quận 2
Lumière Midtown,142.87,Quận 2,Phường An Phú,10.795,106.741,Quận 2,An Phú,Thành phố Thủ Đức,459.6347493937227,815.0143561092633,800.8706739409906,1599.5372243495435,10.217398556534652,42,4.110635380190629,2,2,1,0,Cao,Gần,Gần,Gần,Xa,Quận 2
Lumiere Riverside,174.91,Quận 2,Phường An Phú,10.795,106.741,Quận 2,An Phú,Thành phố Thủ Đức,459.6347493937227,815.0143561092633,800.8706739409906,1599.5372243495435,10.217398556534652,42,4.110635380190629,2,2,1,0,Rất cao,Gần,Gần,Gần,Xa,Quận 2
Masteri Cosmo Central,128.06,Quận 2,Phường An Phú,10.795,106.741,Quận 2,An Phú,Thành phố Thủ Đức,459.6347493937227,815.0143561092633,800.8706739409906,1599.5372243495435,10.217398556534652,42,4.110635380190629,2,2,1,0,Cao,Gần,Gần,Gần,Xa,Quận 2
Masteri Grand View,130.2,Quận 2,Phường An Phú,10.795,106.741,Quận 2,An Phú,Thành phố Thủ Đức,459.6347493937227,815.0143561092633,800.8706739409906,1599.5372243495435,10.217398556534652,42,4.110635380190629,2,2,1,0,Cao,Gần,Gần,Gần,Xa,Quận 2
Masteri Park Place,123.59,Quận 2,Phường An Phú,10.795,106.741,Quận 2,An Phú,Thành phố Thủ Đức,459.6347493937227,815.0143561092633,800.8706739409906,1599.5372243495435,10.217398556534652,42,4.110635380190629,2,2,1,0,Cao,Gần,Gần,Gần,Xa,Quận 2
Palm Heights,97.23,Quận 2,Phường An Phú,10.795,106.741,Quận 2,An Phú,Thành phố Thủ Đức,459.6347493937227,815.0143561092633,800.8706739409906,1599.5372243495435,10.217398556534652,42,4.110635380190629,2,2,1,0,Cao,Gần,Gần,Gần,Xa,Quận 2
PetroVietnam Landmark,57.83,Quận 2,Phường An Phú,10.795,106.741,Quận 2,An Phú,Thành phố Thủ Đức,459.6347493937227,815.0143561092633,800.8706739409906,1599.5372243495435,10.217398556534652,42,4.110635380190629,2,2,1,0,Trung bình,Gần,Gần,Gần,Xa,Quận 2
The Estella,109.93,Quận 2,Phường An Phú,10.795,106.741,Quận 2,An Phú,Thành phố Thủ Đức,459.6347493937227,815.0143561092633,800.8706739409906,1599.5372243495435,10.217398556534652,42,4.110635380190629,2,2,1,0,Cao,Gần,Gần,Gần,Xa,Quận 2
The Global City,131.27,Quận 2,Phường An Phú,10.795,106.741,Quận 2,An Phú,Thành phố Thủ Đức,459.6347493937227,815.0143561092633,800.8706739409906,1599.5372243495435,10.217398556534652,42,4.110635380190629,2,2,1,0,Cao,Gần,Gần,Gần,Xa,Quận 2
The Privé,119.09,Quận 2,Phường An Phú,10.795,106.741,Quận 2,An Phú,Thành phố Thủ Đức,459.6347493937227,815.0143561092633,800.8706739409906,1599.5372243495435,10.217398556534652,42,4.110635380190629,2,2,1,0,Cao,Gần,Gần,Gần,Xa,Quận 2
The Sun Avenue,96.13,Quận 2,Phường An Phú,10.795,106.741,Quận 2,An Phú,Thành phố Thủ Đức,459.6347493937227,815.0143561092633,800.8706739409906,1599.5372243495435,10.217398556534652,42,4.110635380190629,2,2,1,0,Cao,Gần,Gần,Gần,Xa,Quận 2
The Vista An Phú,95.28,Quận 2,Phường An Phú,10.795,106.741,Quận 2,An Phú,Thành phố Thủ Đức,459.6347493937227,815.0143561092633,800.8706739409906,1599.5372243495435,10.217398556534652,42,4.110635380190629,2,2,1,0,Cao,Gần,Gần,Gần,Xa,Quận 2
Chung cư Bình Minh,56.89,Quận 2,Phường Bình An,10.792,106.734,Quận 2,Bình An,Thành phố Thủ Đức,846.0471158365605,1018.5292951746653,939.6022959026436,1522.438966858929,1.839601743813484,1,0.5435959187160835,0,0,0,0,Trung bình,Gần,Gần,Gần,Xa,Quận 2
Eco Smart City,287.5,Quận 2,Phường Thủ Thiêm,10.786,106.722,Quận 2,An Khánh,Thành phố Thủ Đức,2251.421288203425,1541.7355662691618,2047.401829400067,2354.301017561658,1.7692512969813063,5,2.8260541668280768,0,0,0,0,Rất cao,Xa,Xa,Xa,Xa,Quận 2
Empire City Thủ Thiêm,280.15,Quận 2,Phường Thủ Thiêm,10.786,106.722,Quận 2,An Khánh,Thành phố Thủ Đức,2251.421288203425,1541.7355662691618,2047.401829400067,2354.301017561658,1.7692512969813063,5,2.8260541668280768,0,0,0,0,Rất cao,Xa,Xa,Xa,Xa,Quận 2
Sadora Sala,163.45,Quận 2,Phường An Lợi Đông,10.786,106.748,Quận 2,An Phú,Thành phố Thủ Đức,862.8603112063399,1713.4679757325375,1892.2533627968169,2851.0165506933563,10.217398556534652,42,4.110635380190629,2,2,1,0,Rất cao,Gần,Xa,Xa,Xa,Quận 2
Sarica Condominium,230.04,Quận 2,Phường An Lợi Đông,10.786,106.748,Quận 2,An Phú,Thành phố Thủ Đức,862.8603112063399,1713.4679757325375,1892.2533627968169,2851.0165506933563,10.217398556534652,42,4.110635380190629,2,2,1,0,Rất cao,Gần,Xa,Xa,Xa,Quận 2
Sarimi Sala,195.88,Quận 2,Phường An Lợi Đông,10.786,106.748,Quận 2,An Phú,Thành phố Thủ Đức,862.8603112063399,1713.4679757325375,1892.2533627968169,2851.0165506933563,10.217398556534652,42,4.110635380190629,2,2,1,0,Rất cao,Gần,Xa,Xa,Xa,Quận 2
Sarina Condominium,182.31,Quận 2,Phường An Lợi Đông,10.786,106.748,Quận 2,An Phú,Thành phố Thủ Đức,862.8603112063399,1713.4679757325375,1892.2533627968169,2851.0165506933563,10.217398556534652,42,4.110635380190629,2,2,1,0,Rất cao,Gần,Xa,Xa,Xa,Quận 2
The Opera Residence,342.71,Quận 2,Phường Thủ Thiêm,10.786,106.722,Quận 2,An Khánh,Thành phố Thủ Đức,2251.421288203425,1541.7355662691618,2047.401829400067,2354.301017561658,1.7692512969813063,5,2.8260541668280768,0,0,0,0,Rất cao,Xa,Xa,Xa,Xa,Quận 2
The River Thủ Thiêm,192.0,Quận 2,Phường Thủ Thiêm,10.786,106.722,Quận 2,An Khánh,Thành phố Thủ Đức,2251.421288203425,1541.7355662691618,2047.401829400067,2354.301017561658,1.7692512969813063,5,2.8260541668280768,0,0,0,0,Rất cao,Xa,Xa,Xa,Xa,Quận 2
Thu Thiem Zeit River,243.2,Quận 2,Phường Thủ Thiêm,10.786,106.722,Quận 2,An Khánh,Thành phố Thủ Đức,2251.421288203425,1541.7355662691618,2047.401829400067,2354.301017561658,1.7692512969813063,5,2.8260541668280768,0,0,0,0,Rất cao,Xa,Xa,Xa,Xa,Quận 2
Chung cư Bộ Công An,62.02,Quận 2,Phường An Khánh,10.783,106.7435,Quận 2,Bình Khánh,Thành phố Thủ Đức,1239.184587292368,2076.253100038546,2120.956547959091,2838.7210033830256,2.01171406989206,6,2.9825312104726365,0,0,0,0,Trung bình,Gần,Xa,Xa,Xa,Quận 2
De Capella,90.14,Quận 2,Phường An Khánh,10.783,106.7435,Quận 2,Bình Khánh,Thành phố Thủ Đức,1239.184587292368,2076.253100038546,2120.956547959091,2838.7210033830256,2.01171406989206,6,2.9825312104726365,0,0,0,0,Cao,Gần,Xa,Xa,Xa,Quận 2
The Crest Residence,329.27,Quận 2,Phường An Khánh,10.783,106.7435,Quận 2,Bình Khánh,Thành phố Thủ Đức,1239.184587292368,2076.253100038546,2120.956547959091,2838.7210033830256,2.01171406989206,6,2.9825312104726365,0,0,0,0,Rất cao,Gần,Xa,Xa,Xa,Quận 2
The Galleria Residence,274.41,Quận 2,Phường An Khánh,10.783,106.7435,Quận 2,Bình Khánh,Thành phố Thủ Đức,1239.184587292368,2076.253100038546,2120.956547959091,2838.7210033830256,2.01171406989206,6,2.9825312104726365,0,0,0,0,Rất cao,Gần,Xa,Xa,Xa,Quận 2
The Metropole Thủ Thiêm,426.01,Quận 2,Phường An Khánh,10.783,106.7435,Quận 2,Bình Khánh,Thành phố Thủ Đức,1239.184587292368,2076.253100038546,2120.956547959091,2838.7210033830256,2.01171406989206,6,2.9825312104726365,0,0,0,0,Rất cao,Gần,Xa,Xa,Xa,Quận 2
The OpusK Residence,346.72,Quận 2,Phường An Khánh,10.783,106.7435,Quận 2,Bình Khánh,Thành phố Thủ Đức,1239.184587292368,2076.253100038546,2120.956547959091,2838.7210033830256,2.01171406989206,6,2.9825312104726365,0,0,0,0,Rất cao,Gần,Xa,Xa,Xa,Quận 2
New City Thủ Thiêm,100.83,Quận 2,Phường Bình Khánh,10.781,106.753,Quận 2,Bình Trưng Tây,Thành phố Thủ Đức,1560.397408818382,1611.6564211185878,2616.7955260062618,3627.664381894662,2.0718534035275633,3,1.447978894111023,1,1,0,0,Cao,Xa,Xa,Xa,Xa,Quận 2
Paris Hoàng Kim,93.57,Quận 2,Phường Bình Khánh,10.781,106.753,Quận 2,Bình Trưng Tây,Thành phố Thủ Đức,1560.397408818382,1611.6564211185878,2616.7955260062618,3627.664381894662,2.0718534035275633,3,1.447978894111023,1,1,0,0,Cao,Xa,Xa,Xa,Xa,Quận 2
Tái định cư Bình Khánh,63.69,Quận 2,Phường Bình Khánh,10.781,106.753,Quận 2,Bình Trưng Tây,Thành phố Thủ Đức,1560.397408818382,1611.6564211185878,2616.7955260062618,3627.664381894662,2.0718534035275633,3,1.447978894111023,1,1,0,0,Trung bình,Xa,Xa,Xa,Xa,Quận 2
Căn hộ Citi Alto,54.12,Quận 2,Phường Cát Lái,10.778,106.77,Quận 2,Cát Lái,Thành phố Thủ Đức,499.7205850652057,1230.385954688888,3743.8077941476818,3094.623267247556,6.662225659959667,5,0.7504999462942644,0,0,0,1,Trung bình,Gần,Gần,Xa,Xa,Quận 2
Căn hộ Citi Grand,60.48,Quận 2,Phường Cát Lái,10.778,106.77,Quận 2,Cát Lái,Thành phố Thủ Đức,499.7205850652057,1230.385954688888,3743.8077941476818,3094.623267247556,6.662225659959667,5,0.7504999462942644,0,0,0,1,Trung bình,Gần,Gần,Xa,Xa,Quận 2
Căn hộ DEFINE,231.48,Quận 2,Phường Thạnh Mỹ Lợi,10.778,106.761,Quận 2,Thạnh Mỹ Lợi,Thành phố Thủ Đức,946.1540578280299,1252.2999291388915,3366.3692458080072,4071.6620270298595,13.21504781679274,10,0.7567131151271895,0,0,0,0,Rất cao,Gần,Gần,Xa,Xa,Quận 2
Citi Esto,48.02,Quận 2,Phường Cát Lái,10.778,106.77,Quận 2,Cát Lái,Thành phố Thủ Đức,499.7205850652057,1230.385954688888,3743.8077941476818,3094.623267247556,6.662225659959667,5,0.7504999462942644,0,0,0,1,Thấp,Gần,Gần,Xa,Xa,Quận 2
Citi Home,48.43,Quận 2,Phường Cát Lái,10.778,106.77,Quận 2,Cát Lái,Thành phố Thủ Đức,499.7205850652057,1230.385954688888,3743.8077941476818,3094.623267247556,6.662225659959667,5,0.7504999462942644,0,0,0,1,Thấp,Gần,Gần,Xa,Xa,Quận 2
Citi Soho,47.68,Quận 2,Phường Cát Lái,10.778,106.77,Quận 2,Cát Lái,Thành phố Thủ Đức,499.7205850652057,1230.385954688888,3743.8077941476818,3094.623267247556,6.662225659959667,5,0.7504999462942644,0,0,0,1,Thấp,Gần,Gần,Xa,Xa,Quận 2
Feliz En Vista,125.08,Quận 2,Phường Thạnh Mỹ Lợi,10.778,106.761,Quận 2,Thạnh Mỹ Lợi,Thành phố Thủ Đức,946.1540578280299,1252.2999291388915,3366.3692458080072,4071.6620270298595,13.21504781679274,10,0.7567131151271895,0,0,0,0,Cao,Gần,Gần,Xa,Xa,Quận 2
Khu dân cư Thạnh Mỹ Lợi,40.77,Quận 2,Phường Thạnh Mỹ Lợi,10.778,106.761,Quận 2,Thạnh Mỹ Lợi,Thành phố Thủ Đức,946.1540578280299,1252.2999291388915,3366.3692458080072,4071.6620270298595,13.21504781679274,10,0.7567131151271895,0,0,0,0,Thấp,Gần,Gần,Xa,Xa,Quận 2
One Verandah Mapletree,105.54,Quận 2,Phường Thạnh Mỹ Lợi,10.778,106.761,Quận 2,Thạnh Mỹ Lợi,Thành phố Thủ Đức,946.1540578280299,1252.2999291388915,3366.3692458080072,4071.6620270298595,13.21504781679274,10,0.7567131151271895,0,0,0,0,Cao,Gần,Gần,Xa,Xa,Quận 2
The CBD Premium Home,54.28,Quận 2,Phường Thạnh Mỹ Lợi,10.778,106.761,Quận 2,Thạnh Mỹ Lợi,Thành phố Thủ Đức,946.1540578280299,1252.2999291388915,3366.3692458080072,4071.6620270298595,13.21504781679274,10,0.7567131151271895,0,0,0,0,Trung bình,Gần,Gần,Xa,Xa,Quận 2
Thủ Thiêm Dragon,88.12,Quận 2,Phường Thạnh Mỹ Lợi,10.778,106.761,Quận 2,Thạnh Mỹ Lợi,Thành phố Thủ Đức,946.1540578280299,1252.2999291388915,3366.3692458080072,4071.6620270298595,13.21504781679274,10,0.7567131151271895,0,0,0,0,Cao,Gần,Gần,Xa,Xa,Quận 2
Thủ Thiêm Green House,34.35,Quận 2,Phường Thạnh Mỹ Lợi,10.778,106.761,Quận 2,Thạnh Mỹ Lợi,Thành phố Thủ Đức,946.1540578280299,1252.2999291388915,3366.3692458080072,4071.6620270298595,13.21504781679274,10,0.7567131151271895,0,0,0,0,Thấp,Gần,Gần,Xa,Xa,Quận 2
Victoria Village,90.4,Quận 2,Phường Thạnh Mỹ Lợi,10.778,106.761,Quận 2,Thạnh Mỹ Lợi,Thành phố Thủ Đức,946.1540578280299,1252.2999291388915,3366.3692458080072,4071.6620270298595,13.21504781679274,10,0.7567131151271895,0,0,0,0,Cao,Gần,Gần,Xa,Xa,Quận 2
Vista Verde,93.19,Quận 2,Phường Thạnh Mỹ Lợi,10.778,106.761,Quận 2,Thạnh Mỹ Lợi,Thành phố Thủ Đức,946.1540578280299,1252.2999291388915,3366.3692458080072,4071.6620270298595,13.21504781679274,10,0.7567131151271895,0,0,0,0,Cao,Gần,Gần,Xa,Xa,Quận 2
Waterina Suites,135.95,Quận 2,Phường Thạnh Mỹ Lợi,10.778,106.761,Quận 2,Thạnh Mỹ Lợi,Thành phố Thủ Đức,946.1540578280299,1252.2999291388915,3366.3692458080072,4071.6620270298595,13.21504781679274,10,0.7567131151271895,0,0,0,0,Cao,Gần,Gần,Xa,Xa,Quận 2
4S Riverside Garden Bình Triệu,54.05,Thủ Đức,Phường Hiệp Bình Chánh,10.822,106.713,Thủ Đức,Hiệp Bình Chánh,Thành phố Thủ Đức,2775.791971867675,1125.008512148086,3280.7804675788066,897.6601182831923,6.534798496003078,6,0.9181614404284723,0,2,0,1,Trung bình,Xa,Gần,Xa,Gần,Thủ Đức
Cao ốc TDH - Bình Chiểu,37.3,Thủ Đức,Phường Bình Chiểu,10.878,106.719,Thủ Đức,Bình Chiểu,Thành phố Thủ Đức,3244.9762448884494,5546.2155148884285,6734.927363308502,4498.77475063079,5.388463233080228,3,0.556745006921964,0,0,0,0,Thấp,Xa,Xa,Xa,Xa,Thủ Đức
Chương Dương Home,36.2,Thủ Đức,Phường Trường Thọ,10.837,106.753,Thủ Đức,Trường Thọ,Thành phố Thủ Đức,2553.4616145279865,1948.9539649589692,1284.7756269167728,1378.096258862911,5.089595406923178,6,1.178875631614732,0,0,2,0,Thấp,Xa,Xa,Gần,Gần,Thủ Đức
Đạt Gia Residence Thủ Đức,34.95,Thủ Đức,Phường Tam Phú,10.859,106.736,Thủ Đức,Tam Phú,Thành phố Thủ Đức,1205.3633456768766,3346.5405131358516,4139.910719355615,2117.3209468309633,3.0966875510767027,1,0.3229257015782251,2,0,0,0,Thấp,Gần,Xa,Xa,Xa,Thủ Đức
Diamond Sky,125.0,Thủ Đức,Phường Hiệp Bình Phước,10.844,106.707,Thủ Đức,Hiệp Bình Phước,Thành phố Thủ Đức,4783.651675482783,2406.197763472737,5626.900698608728,1706.5606416650653,7.637190144499191,4,0.5237528363597265,0,0,0,0,Cao,Xa,Xa,Xa,Xa,Thủ Đức
Fiato Uptown,56.2,Thủ Đức,Phường Tam Phú,10.862,106.735,Thủ Đức,Tam Bình,Thành phố Thủ Đức,1186.073262066048,3562.254733310642,4363.255826324039,2251.693807375886,2.172261665652813,5,2.3017484859483486,0,0,0,0,Trung bình,Gần,Xa,Xa,Xa,Thủ Đức
Fresca Riverside,42.23,Thủ Đức,Phường Bình Chiểu,10.862,106.727,Thủ Đức,Tam Bình,Thành phố Thủ Đức,2047.9122585209366,3807.549588411532,5178.315938154403,3119.426011956714,2.172261665652813,5,2.3017484859483486,0,0,0,0,Thấp,Xa,Xa,Xa,Xa,Thủ Đức
King Crown Infinity,98.34,Thủ Đức,Phường Bình Thọ,10.85,106.762,Thủ Đức,Bình Thọ,Thành phố Thủ Đức,811.6188985050599,347.6652665999667,1127.8471675106248,308.85823703152886,1.230259520553364,3,2.4385098833867316,0,1,1,1,Cao,Gần,Gần,Gần,Gần,Thủ Đức
La Bonita,58.82,Bình Thạnh,Phường 25,10.85,106.723,Thủ Đức,Hiệp Bình Phước,Thành phố Thủ Đức,2937.8289908145885,2442.406738012175,4866.212094598559,2425.0454056333037,7.637190144499191,4,0.5237528363597265,0,0,0,0,Trung bình,Xa,Xa,Xa,Xa,Thủ Đức
Lan Phương MHBR Tower,39.58,Thủ Đức,Phường Trường Thọ,10.847,106.752,Thủ Đức,Linh Đông,Thành phố Thủ Đức,1862.6562757998706,1475.30020782204,2052.0455925475776,994.3991574678233,2.969740707214213,2,0.6734594690847993,0,0,0,0,Thấp,Xa,Gần,Xa,Gần,Thủ Đức
Moonlight Avenue,42.86,Thủ Đức,Phường Trường Thọ,10.838,106.757,Thủ Đức,Trường Thọ,Thành phố Thủ Đức,2229.6192368160914,1588.1734808262918,958.3306631440902,936.8850605850437,5.089595406923178,6,1.178875631614732,0,0,2,0,Thấp,Xa,Xa,Gần,Gần,Thủ Đức
Moonlight Residences,58.68,Thủ Đức,Phường Bình Thọ,10.844,106.759,Thủ Đức,Trường Thọ,Thành phố Thủ Đức,1544.8027618446274,936.58113862219,1364.6528201850751,637.8109844220589,5.089595406923178,6,1.178875631614732,0,0,2,0,Trung bình,Xa,Gần,Gần,Gần,Thủ Đức
Opal Garden,65.9,Thủ Đức,Phường Hiệp Bình Chánh,10.827,106.718,Thủ Đức,Hiệp Bình Chánh,Thành phố Thủ Đức,2753.726273588037,394.08502058636293,3395.724394562573,577.8298753411415,6.534798496003078,6,0.9181614404284723,0,2,0,1,Trung bình,Xa,Gần,Xa,Gần,Thủ Đức
Opal Riverside,54.05,Thủ Đức,Phường Hiệp Bình Chánh,10.824,106.723,Thủ Đức,Hiệp Bình Chánh,Thành phố Thủ Đức,2163.251417259018,436.5006669410619,2849.8685564147954,1216.3180263560275,6.534798496003078,6,0.9181614404284723,0,2,0,1,Trung bình,Xa,Gần,Xa,Gần,Thủ Đức
Prosper Phố Đông,40.14,Thủ Đức,Phường Tam Bình,10.865,106.737,Thủ Đức,Tam Bình,Thành phố Thủ Đức,939.3740835896272,3506.452549997856,4311.355449097642,2115.7565124228763,2.172261665652813,5,2.3017484859483486,0,0,0,0,Thấp,Gần,Xa,Xa,Xa,Thủ Đức
Sài Gòn Avenue,49.43,Thủ Đức,Phường Tam Bình,10.864,106.731,Thủ Đức,Tam Bình,Thành phố Thủ Đức,1593.7811821981318,4050.9478258847926,4852.552514011551,2721.443698353845,2.172261665652813,5,2.3017484859483486,0,0,0,0,Thấp,Xa,Xa,Xa,Xa,Thủ Đức
ST Moritz Phạm Văn Đồng,64.38,Thủ Đức,Phường Hiệp Bình Chánh,10.838,106.732,Thủ Đức,Hiệp Bình Chánh,Thành phố Thủ Đức,3276.4812877855543,1564.7764360906128,3399.582417496381,2181.001953970437,6.534798496003078,6,0.9181614404284723,0,2,0,1,Trung bình,Xa,Xa,Xa,Xa,Thủ Đức
Stown Thủ Đức,49.1,Thủ Đức,Phường Tam Bình,10.873,106.728,Thủ Đức,Bình Chiểu,Thành phố Thủ Đức,2130.819753967824,4803.481701294633,5606.8650769060305,3370.432909832556,5.388463233080228,3,0.556745006921964,0,0,0,0,Thấp,Xa,Xa,Xa,Xa,Thủ Đức
Sunview Town,38.12,Thủ Đức,Phường Hiệp Bình Phước,10.838,106.732,Thủ Đức,Hiệp Bình Chánh,Thành phố Thủ Đức,3276.4812877855543,1564.7764360906128,3399.582417496381,2181.001953970437,6.534798496003078,6,0.9181614404284723,0,2,0,1,Thấp,Xa,Xa,Xa,Xa,Thủ Đức
Tecco Tower - Chung cư Linh Đông,53.3,Thủ Đức,Phường Linh Đông,10.848,106.744,Thủ Đức,Linh Đông,Thành phố Thủ Đức,1823.131982822682,2324.8049930289676,2759.5751778464014,1706.393623000256,2.969740707214213,2,0.6734594690847993,0,0,0,0,Trung bình,Xa,Xa,Xa,Xa,Thủ Đức
The Navita,38.42,Thủ Đức,Phường Tam Bình,10.864,106.731,Thủ Đức,Tam Bình,Thành phố Thủ Đức,1593.7811821981318,4050.9478258847926,4852.552514011551,2721.443698353845,2.172261665652813,5,2.3017484859483486,0,0,0,0,Thấp,Xa,Xa,Xa,Xa,Thủ Đức
